Feature,Importance
Time of Day,0.37305990258497806
Price Paid,0.15969977843115388
Paid Duration,0.12856641152524043
Day of Week,0.10230395850984361
Street Name,0.08830481863472
Is Weekend,0.07516676700224159
Month,0.05300835389244505
Parking Zone,0.0157964702820603
City Council,0.004093539137317166
Did not pay at all,0.0
